20.408285,20.403013,20.525349,20.78787,20.08609,21.20986,20.008312,18.328722,19.057417,19.446926,21.02344,18.604294,18.576492,19.030542,19.862553,19.661491
20.184,19.98178,20.12162,20.319916,19.65934,20.74837,19.548552,17.781948,18.469185,18.771984,20.539467,18.296124,18.224457,18.63641,19.381838,19.139786
19.543692,18.930935,19.093641,19.137861,18.578913,19.5891,18.3688,16.44964,17.042585,17.119148,19.300768,17.481478,17.325455,17.65014,18.177982,17.83947
19.541052,18.858788,19.046728,19.099575,18.581394,19.586954,18.320227,16.439774,17.0287,17.090664,19.371553,17.45146,17.258718,17.571478,18.242132,17.7794
19.517685,18.826977,19.014118,19.062754,18.54676,19.55079,18.282204,16.400343,16.986717,17.041212,19.331512,17.42443,17.230623,17.54218,18.203966,17.739649
19.767021,19.241291,19.417131,19.524908,18.964128,19.998693,18.74417,16.92014,17.54502,17.685253,19.808424,17.74459,17.584337,17.929747,18.669102,18.247047
20.11689,19.886631,20.028603,20.214975,19.577515,20.648159,19.429338,17.692532,18.38412,18.639683,20.478191,18.217772,18.119616,18.511654,19.336395,19.001278
19.555027,18.944582,19.115883,19.166748,18.635393,19.637266,18.376877,16.511808,17.115255,17.174858,19.407696,17.488935,17.314493,17.627401,18.288488,17.84416
20.257471,20.136253,20.270742,20.490728,19.825766,20.91393,19.706476,18.007156,18.723927,19.029518,20.760025,18.406961,18.330006,18.74136,19.615513,19.304897
20.079664,19.833569,19.975382,20.154024,19.522854,20.589045,19.365246,17.626926,18.31513,18.55634,20.416435,18.172647,18.071203,18.458609,19.277962,18.932388
20.233082,20.101093,20.22822,20.435913,19.7588,20.850233,19.664576,17.899801,18.603395,18.92482,20.618738,18.369574,18.323853,18.74055,19.467094,19.27086
20.126677,19.92026,20.04987,20.240498,19.57801,20.664625,19.467367,17.686312,18.370514,18.660173,20.419825,18.23298,18.174686,18.587242,19.269512,19.063519
19.781338,19.35378,19.49703,19.607704,19.001509,20.049284,18.827053,16.989328,17.622059,17.784317,19.785473,17.79541,17.682446,18.05164,18.65125,18.358564
19.62273,19.03989,19.212263,19.294527,18.749575,19.773611,18.505833,16.674707,17.284563,17.376322,19.564354,17.57554,17.406246,17.742308,18.436987,17.996302
19.56053,18.949093,19.121313,19.19289,18.656673,19.676256,18.400423,16.567368,17.169865,17.240849,19.461475,17.501017,17.326275,17.658205,18.338394,17.885324
18.890331,18.125828,18.251362,18.187822,17.663809,18.645788,17.380451,15.455507,15.992303,15.869485,18.234358,16.764294,16.60403,16.911415,17.17579,16.822634
19.725502,19.309875,19.444454,19.548485,18.946995,19.991234,18.753788,16.937096,17.571447,17.711452,19.722612,17.740475,17.631485,17.999517,18.597918,18.288818
19.532267,19.021767,19.156918,19.21952,18.636759,19.664984,18.42525,16.572449,17.181648,17.260288,19.361979,17.508875,17.385225,17.736517,18.250723,17.934017
18.862236,18.086428,18.212244,18.14237,17.622355,18.60116,17.334383,15.406309,15.940438,15.8078575,18.186651,16.73144,16.568733,16.872595,17.130833,16.772333
19.365484,18.789082,18.921207,18.953575,18.385624,19.404062,18.153769,16.287455,16.877357,16.90448,19.074316,17.315184,17.182663,17.52529,17.975792,17.64824
18.748857,17.952068,18.070969,17.98207,17.467663,18.441181,17.16712,15.239735,15.7654,15.598041,18.005516,16.609148,16.44656,16.74696,16.96204,16.600143
19.245352,18.643402,18.768536,18.77908,18.217508,19.22882,17.972313,16.10276,16.683432,16.672295,18.875618,17.18356,17.050634,17.387754,17.790083,17.459501
18.8685,17.984638,18.146994,18.085512,17.616337,18.589724,17.273602,15.369769,15.893282,15.75025,18.257835,16.695404,16.485977,16.773344,17.18748,16.692472
18.662632,17.855352,17.966463,17.866316,17.352222,18.325436,17.04496,15.122108,15.641122,15.450047,17.870325,16.518799,16.35958,16.662313,16.835627,16.479218
19.276009,18.68239,18.808674,18.826244,18.263565,19.277464,18.01942,16.15502,16.738758,16.736828,18.932087,17.21754,17.085062,17.424454,17.843105,17.51006
19.176348,18.543943,18.667624,18.665657,18.10795,19.116053,17.859386,15.978987,16.550743,16.519577,18.748384,17.103409,16.966892,17.301338,17.667576,17.34022
18.590176,17.770693,17.87724,17.763935,17.25387,18.222542,16.93817,15.0147705,15.529132,15.314703,17.754015,16.440853,16.281609,16.580595,16.727772,16.368048
19.327375,18.679663,18.832588,18.861746,18.331123,19.340067,18.054901,16.210167,16.794836,16.795568,19.06358,17.24881,17.083479,17.409002,17.96425,17.531298
19.095312,18.451065,18.569101,18.555477,18.000702,19.00727,17.742538,15.866922,16.43272,16.378044,18.624142,17.016907,16.882504,17.216974,17.551601,17.222818
18.736822,17.905668,18.037895,17.966057,17.478653,18.459177,17.131556,15.264666,15.789129,15.611356,18.082113,16.582817,16.40011,16.70414,17.033571,16.57163
18.787144,17.968111,18.101093,18.033964,17.54125,18.522402,17.204878,15.326519,15.853945,15.692377,18.14455,16.637417,16.457634,16.762018,17.090284,16.645672
19.134377,18.383205,18.540197,18.53298,18.027885,19.023403,17.723312,15.855948,16.413534,16.35428,18.725199,17.014776,16.829748,17.1414,17.636839,17.176983
18.883656,18.203028,18.306808,18.24302,17.689577,18.677008,17.430946,15.519543,16.067701,15.948661,18.229435,16.79138,16.659407,16.979336,17.185877,16.890125
18.334347,17.045118,17.279598,17.101986,16.758078,17.674688,16.314186,14.328671,14.763258,14.4540205,17.36015,16.014454,15.691615,15.903614,16.32244,15.622082
19.263409,18.273228,18.5225,18.665653,18.174694,19.306973,17.891638,16.16481,16.634808,16.755915,19.163992,17.109688,16.856972,17.311335,17.988937,17.44541
18.723871,18.02606,18.11667,18.021618,17.48118,18.45471,17.191484,15.287494,15.826171,15.651557,17.98061,16.618837,16.487185,16.79727,16.955694,16.642437
19.220188,18.58945,18.728241,18.722086,18.19378,19.180899,17.906696,16.050802,16.635864,16.59144,18.87172,17.142656,16.982347,17.28928,17.796217,17.36697
19.76212,19.435328,19.549135,19.654814,19.024122,20.070786,18.85877,17.040192,17.68765,17.844168,19.764133,17.809334,17.730871,18.108109,18.647888,18.40948
19.146004,18.571724,18.67766,18.653082,18.086748,19.078245,17.838238,15.95059,16.53002,16.48035,18.6791,17.088375,16.966993,17.29047,17.614954,17.31413
20.029278,19.84513,19.957117,20.110613,19.453339,20.51315,19.31816,17.53457,18.22122,18.457952,20.245955,18.132832,18.076588,18.466784,19.117092,18.896051
20.097563,19.96354,20.073483,20.23933,19.572323,20.63743,19.44599,17.677513,18.376211,18.634306,20.379702,18.221132,18.174051,18.569237,19.248646,19.032866
20.15139,20.001053,20.121681,20.290316,19.634998,20.693975,19.497633,17.72923,18.428926,18.693062,20.468607,18.267363,18.203545,18.589993,19.32886,19.074492
20.63453,20.915802,21.00035,21.284525,20.531096,21.651402,20.487946,18.859118,19.651262,20.097158,21.451376,18.931993,18.967657,19.425762,20.309692,20.174295
20.217047,20.197104,20.304869,20.471506,19.821423,20.853605,19.65073,17.952496,18.69679,18.937344,20.684,18.376574,18.31207,18.670795,19.572466,19.217915
20.669662,21.006388,21.084656,21.356207,20.608053,21.704185,20.549612,18.924809,19.738401,20.168724,21.51679,18.978985,19.016502,19.448832,20.388548,20.22031
21.11362,21.9261,21.95934,22.332087,21.503517,22.636116,21.506758,20.047232,20.969343,21.54984,22.481075,19.615257,19.751732,20.23337,21.377539,21.279264
21.33611,22.376102,22.38087,22.752956,21.864956,22.979605,21.92083,20.493204,21.468857,22.075195,22.865719,19.93082,20.077055,20.545588,21.775492,21.67739
21.68093,23.250475,23.218712,23.735617,22.798862,23.981113,22.891579,21.706318,22.798386,23.596241,23.846004,20.497551,20.799126,21.349318,22.822393,22.826878
21.49059,22.762445,22.75471,23.181011,22.293333,23.436459,22.312918,21.030434,22.044523,22.727346,23.343197,20.16912,20.372995,20.879528,22.264969,22.15215
22.467041,24.940187,24.922173,25.630184,24.409227,25.748985,24.972664,24.06448,25.327692,26.53946,25.742111,21.839533,22.23441,22.928637,24.82823,25.016565
22.059507,24.071722,24.046492,24.653433,23.599613,24.8552,23.89108,22.80105,23.977154,24.992134,24.711935,21.116425,21.51414,22.12784,23.735508,23.902962
21.88193,23.65887,23.624825,24.10881,23.11159,24.277267,23.255493,22.140285,23.274439,24.069324,24.28515,20.805416,21.056051,21.579285,23.260633,23.119085
22.102047,23.955767,23.901268,24.440361,23.37671,24.585459,23.616737,22.475197,23.600527,24.510342,24.53567,21.06995,21.355682,21.94674,23.4816,23.544752
23.288755,26.510221,26.465958,27.262878,25.754017,27.166487,26.768011,25.834208,27.24866,28.796272,27.149002,23.062515,23.575613,24.325476,26.269402,26.825783
22.56839,25.403624,25.415922,26.16218,24.910917,26.278988,25.598297,24.632824,26.001001,27.383726,26.087132,22.085133,22.687355,23.355146,25.263365,25.697598
21.11006,23.067192,23.086067,23.792635,23.037394,24.263956,23.017004,22.13512,23.456821,24.31024,23.938055,20.104197,20.719915,21.22523,23.244886,23.169628
22.600092,25.293068,25.309645,25.988745,24.749693,26.104311,25.373444,24.375835,25.668352,27.005915,25.969488,22.034714,22.558561,23.230087,25.057772,25.427795
22.838758,25.6789,25.727997,26.40107,25.101736,26.51023,25.807413,24.867468,26.11668,27.587952,26.427801,22.368345,22.872715,23.608734,25.470203,25.87904
23.267939,26.65605,26.718468,27.465927,26.001371,27.48585,26.984177,26.113985,27.480286,29.188114,27.42785,23.100372,23.706057,24.480219,26.521467,27.077145
23.484974,27.402458,27.499468,28.33915,26.70537,28.267555,28.051085,27.131071,28.70124,30.61963,28.16647,23.630247,24.416136,25.153221,27.371813,28.104956
24.011438,28.389786,28.421587,29.357437,27.42386,29.013277,29.267649,28.193895,29.991217,32.022114,28.995983,24.478971,25.293585,25.988268,28.252289,29.183393
22.99463,26.025755,26.051422,26.755198,25.410637,26.821138,26.177809,25.276379,26.57805,28.092453,26.747921,22.618793,23.148205,23.89038,25.819298,26.266722
23.538757,27.304575,27.381023,28.177904,26.576796,28.11631,27.815228,26.91511,28.398407,30.262344,28.060305,23.593891,24.288845,25.057417,27.191975,27.878244
24.042665,28.912685,28.998768,29.980814,27.923393,29.592485,30.021694,28.833374,30.867054,33.04864,29.525446,24.729069,25.808315,26.389585,28.83078,29.83082
23.999533,28.623983,28.704365,29.640629,27.68486,29.33223,29.564083,28.477995,30.35767,32.482925,29.29015,24.538923,25.510408,26.162392,28.52801,29.451015
23.90921,28.372435,28.454584,29.36853,27.464327,29.088089,29.290356,28.191492,30.01644,32.093735,29.023964,24.389158,25.303223,25.964867,28.267786,29.192345
23.765724,27.821712,27.87126,28.744905,26.971949,28.52861,28.55006,27.531742,29.182472,31.123993,28.468756,24.038557,24.788073,25.514349,27.686361,28.536963
23.77457,27.958246,28.028067,28.90223,27.117311,28.693306,28.72545,27.706957,29.397894,31.382595,28.622303,24.09823,24.9084,25.61528,27.848576,28.700987
23.813147,27.85975,27.916615,28.760088,27.0246,28.590899,28.487907,27.548656,29.135305,31.089245,28.565128,24.044237,24.774336,25.536283,27.720978,28.509922
24.288704,29.514208,29.572645,30.606955,28.388206,30.089705,30.737337,29.463684,31.675152,33.924194,30.069456,25.164442,26.336174,26.858723,29.385754,30.448603
23.87439,27.99933,28.056576,28.91995,27.137325,28.720705,28.69791,27.722837,29.351204,31.338612,28.694735,24.167633,24.917286,25.672575,27.860912,28.698545
24.302145,29.329353,29.369995,30.38444,28.217062,29.893112,30.487123,29.253826,31.360922,33.563484,29.885592,25.112925,26.16188,26.743013,29.182367,30.249691
24.39344,29.379774,29.399736,30.402704,28.228394,29.89254,30.46673,29.266027,31.335743,33.51615,29.936342,25.182472,26.16943,26.775492,29.198801,30.233583
24.655052,30.300573,30.293932,31.42663,28.973225,30.70219,31.759428,30.341742,32.799164,35.11293,30.744484,25.843952,27.05705,27.518711,30.124062,31.34327
24.801859,30.771454,30.748438,31.93796,29.33769,31.096783,32.386875,30.860544,33.509174,35.879555,31.160442,26.177086,27.49688,27.882002,30.580452,31.864632
25.041815,31.485415,31.427816,32.71074,29.885231,31.678284,33.34795,31.66786,34.597374,37.047253,31.776844,26.710419,28.160887,28.441002,31.27969,32.67554
25.463816,32.394817,32.254208,33.675816,30.540285,32.35206,34.610085,32.734104,35.973835,38.49892,32.52178,27.541489,29.014967,29.216494,32.157227,33.770298
25.607435,32.670517,32.498024,33.97091,30.732159,32.552834,35.02969,33.073982,36.41407,38.958126,32.745136,27.834965,29.29154,29.47521,32.426304,34.135178
25.40596,32.188625,32.054768,33.453743,30.377766,32.179325,34.345062,32.508545,35.6648,38.16693,32.339596,27.405819,28.828625,29.066046,31.955091,33.549866
25.153673,31.558155,31.468042,32.770805,29.916264,31.694006,33.45486,31.773495,34.687737,37.125088,31.815514,26.869059,28.227135,28.541965,31.340143,32.794777
26.198729,33.6335,33.3356,35.026714,31.319216,33.121433,36.56411,34.317345,37.966366,40.60516,33.40957,28.942606,30.255493,30.403383,33.356045,35.466537
25.508717,32.32481,32.167072,33.595345,30.458506,32.257084,34.555702,32.680878,35.87084,38.379078,32.43637,27.583042,28.964361,29.206778,32.08049,33.738323
26.284367,33.781845,33.465878,35.185184,31.415476,33.20731,36.77466,34.50524,38.192017,40.845116,33.508717,29.093195,30.388672,30.53184,33.50049,35.65587
25.990261,33.327034,33.074726,34.681633,31.150236,32.965664,36.035057,33.895615,37.44615,40.05055,33.221073,28.552488,29.937283,30.090378,33.05509,35.00776
26.584328,34.27083,33.89327,35.71069,31.720665,33.50803,37.51323,35.10804,38.941383,41.63931,33.860897,29.633926,30.866947,30.993607,33.958652,36.297493
26.892075,34.77772,34.338196,36.266624,32.026505,33.793743,38.296696,35.755714,39.74,42.494766,34.1958,30.190542,31.357882,31.463963,34.443928,36.97795
26.730038,34.523724,34.116653,35.98662,31.879251,33.659317,37.89894,35.42766,39.339504,42.06417,34.035053,29.903816,31.111263,31.225004,34.202076,36.632526
26.910082,34.801296,34.356915,36.291985,32.040806,33.809326,38.340904,35.788704,39.78191,42.53704,34.214085,30.227331,31.385557,31.492569,34.467136,37.01716
26.825172,34.672325,34.24552,36.148235,31.966774,33.74013,38.128155,35.617416,39.57149,42.311077,34.132725,30.072372,31.25479,31.364456,34.343353,36.831818
26.636507,34.37882,33.990734,35.826168,31.795912,33.583134,37.668133,35.238316,39.108166,41.81552,33.94399,29.736889,30.968943,31.086588,34.063435,36.431927
26.963982,34.891598,34.43513,36.388264,32.099663,33.868015,38.47877,35.902035,39.92387,42.68528,34.281834,30.329302,31.474747,31.5788,34.554043,37.138264
26.604498,34.337486,33.954266,35.77609,31.780886,33.57664,37.598007,35.17924,39.041645,41.73811,33.932873,29.68924,30.930956,31.049007,34.024834,36.372204
26.646349,34.393055,34.00089,35.83828,31.809397,33.601185,37.692886,35.255703,39.132893,41.836094,33.963894,29.762278,30.987614,31.106543,34.07773,36.45535
26.980219,34.91292,34.452686,36.410217,32.112003,33.87939,38.510746,35.928734,39.955288,42.717644,34.296307,30.356514,31.495295,31.600195,34.573418,37.166935
26.850594,34.704784,34.271427,36.182865,31.986494,33.760796,38.186474,35.66213,39.62659,42.367355,34.15652,30.121477,31.291546,31.40315,34.37438,36.884583
26.963123,34.901173,34.44362,36.39403,32.11476,33.888187,38.484516,35.907673,39.93544,42.692444,34.302414,30.335073,31.484005,31.58659,34.56385,37.144825
27.04515,35.01494,34.541573,36.522568,32.171635,33.934597,38.67151,36.060497,40.116894,42.89094,34.362,30.472683,31.59525,31.696999,34.670696,37.30647
27.273968,35.370113,34.848415,36.911476,32.380756,34.130013,39.234013,36.521103,40.682323,43.492943,34.595215,30.886194,31.945648,32.03878,35.01049,37.796642
27.17319,35.21517,34.712536,36.73833,32.295216,34.056625,38.9921,36.318626,40.439312,43.227684,34.505917,30.714605,31.798454,31.895903,34.86338,37.586586
26.933695,34.837017,34.386715,36.328575,32.064312,33.833035,38.3951,35.833305,39.837013,42.592842,34.241985,30.27149,31.421185,31.528418,34.500973,37.065773
26.911077,34.79514,34.349186,36.28162,32.03797,33.80652,38.327423,35.779728,39.767994,42.518696,34.212173,30.226501,31.37853,31.489046,34.460056,37.008278
26.680948,34.428055,34.028664,35.878197,31.820837,33.60397,37.75335,35.308266,39.188255,41.897583,33.972054,29.813414,31.019974,31.142876,34.109894,36.510136
26.394379,33.958725,33.618668,35.364883,31.534456,33.329697,37.020317,34.708305,38.44363,41.10441,33.651367,29.286797,30.557945,30.698492,33.659805,35.87325
25.760496,32.76709,32.554214,34.063473,30.752382,32.548653,35.209618,33.224373,36.553337,39.091953,32.77037,28.058382,29.39158,29.614157,32.503773,34.311592
25.879772,32.923153,32.684204,34.236614,30.833763,32.61709,35.46939,33.43965,36.80589,39.362705,32.857483,28.262085,29.546926,29.774576,32.65285,34.542934
25.856737,32.920948,32.688717,34.23613,30.842087,32.630825,35.45765,33.42904,36.80396,39.363052,32.866566,28.233126,29.543371,29.76119,32.653614,34.528053
26.123344,33.44831,33.164597,34.812283,31.193153,32.98408,36.247604,34.076336,37.635277,40.250294,33.262066,28.755184,30.055946,30.230495,33.16436,35.204983
25.41133,32.033627,31.892595,33.276672,30.231897,32.007248,34.139095,32.341633,35.40525,37.883358,32.172806,27.346624,28.6784,28.962902,31.788847,33.3864
25.981472,33.189636,32.93129,34.525845,31.034079,32.83205,35.855488,33.755085,37.2314,39.81248,33.08803,28.494886,29.80737,30.000826,32.918407,34.870804
25.850796,32.947052,32.718853,34.26764,30.864586,32.65562,35.488106,33.453808,36.844536,39.411037,32.88955,28.231647,29.565258,29.771309,32.680054,34.54844
25.186201,31.416628,31.312204,32.605606,29.76825,31.513311,33.276066,31.62797,34.44577,36.857216,31.645935,26.847696,28.090315,28.458792,31.182426,32.656708
25.010103,31.09848,31.030577,32.25953,29.554005,31.29585,32.79557,31.228682,33.943027,36.322933,31.4018,26.512348,27.777435,28.16009,30.872301,32.233746
24.921959,30.705505,30.643488,31.832504,29.231148,30.940622,32.28735,30.805065,33.345665,35.678646,31.035782,26.272766,27.414164,27.874533,30.483892,31.815363
24.545374,29.643835,29.636892,30.67711,28.404192,30.057192,30.855179,29.580513,31.722116,33.92709,30.105577,25.46274,26.422329,27.014687,29.433758,30.578518
24.308556,28.869898,28.886307,29.827095,27.789833,29.397573,29.797144,28.692457,30.523438,32.625404,29.43221,24.90627,25.69246,26.403479,28.665712,29.676308
24.175566,28.804317,28.867125,29.78249,27.733288,29.360077,29.795103,28.580471,30.48613,32.597736,29.358475,24.783798,25.67615,26.30452,28.592915,29.588625
23.725008,27.540537,27.638254,28.39235,26.666838,28.196495,28.173223,27.093073,28.606089,30.506075,28.165892,23.888357,24.521275,25.24964,27.31052,28.10463
23.65593,27.408133,27.515497,28.244843,26.555182,28.073885,28.000446,26.92273,28.409184,30.283651,28.037266,23.77324,24.398582,25.11979,27.172686,27.931305
23.287981,26.526337,26.644344,27.274986,25.760273,27.203493,26.913397,25.821486,27.138409,28.823921,27.1482,23.122116,23.61982,24.33379,26.239496,26.85118
23.511692,27.099068,27.224098,27.910141,26.28367,27.781017,27.62977,26.538313,27.967424,29.787659,27.730497,23.53233,24.129265,24.839981,26.849985,27.555183
22.459488,24.776543,24.91745,25.587646,24.28448,25.7625,25.162413,23.927652,25.10047,26.56957,25.573631,21.852015,22.327974,23.063265,24.576305,25.150702
22.976917,25.848625,25.959393,26.526909,25.1379,26.51816,26.071959,24.95027,26.180626,27.695566,26.447803,22.595217,23.02347,23.705494,25.511269,25.996475
22.57241,24.979656,25.095306,25.555954,24.322279,25.614052,24.999102,23.801373,24.926712,26.21804,25.534409,21.921936,22.255215,22.870628,24.560535,24.865528
22.990362,25.906008,26.018309,26.582396,25.195627,26.575659,26.119585,25.013712,26.250986,27.773153,26.507303,22.620234,23.060791,23.739292,25.572803,26.046751
23.119766,26.210749,26.330523,26.920588,25.480614,26.890306,26.498232,25.407173,26.68586,28.287844,26.82429,22.847004,23.328552,24.01789,25.90377,26.43125
22.9849,25.916637,26.046568,26.598894,25.203907,26.589718,26.158684,25.02627,26.268276,27.806519,26.514437,22.62899,23.079884,23.747286,25.582397,26.066406
22.990425,25.932644,26.046534,26.606909,25.219559,26.59779,26.143454,25.037828,26.284533,27.807281,26.528349,22.627754,23.078602,23.748915,25.597818,26.065557
22.020996,23.859226,23.948101,24.300013,23.23679,24.401237,23.630001,22.289597,23.350475,24.309917,24.303787,21.04088,21.277681,21.771132,23.308044,23.3914
21.822401,23.485296,23.543829,23.861162,22.867006,23.972153,23.12241,21.759634,22.81131,23.62666,23.87952,20.721598,20.92618,21.369583,22.880493,22.852716
22.345783,24.509607,24.563833,25.003958,23.863037,25.08129,24.327896,23.137348,24.244974,25.342138,25.016603,21.521202,21.807066,22.38081,24.025465,24.18671
22.132778,24.074598,24.118847,24.521935,23.443253,24.617712,23.805979,22.560177,23.641842,24.617092,24.544712,21.18339,21.433195,21.964859,23.54357,23.62732
21.335354,22.57109,22.600882,22.814436,21.970253,22.953863,21.97395,20.517673,21.520994,22.047314,22.857996,19.980742,20.098166,20.428759,21.858929,21.608858
21.591448,23.013144,23.045527,23.34076,22.41255,23.477053,22.544512,21.15226,22.170818,22.854607,23.379984,20.355438,20.517357,20.935066,22.366064,22.257116
21.500214,22.861105,22.886436,23.158775,22.259167,23.297508,22.340088,20.934622,21.949554,22.575893,23.200071,20.221823,20.371601,20.763378,22.18981,22.032835
21.435295,22.728539,22.752893,23.016264,22.13228,23.162155,22.190956,20.76915,21.772993,22.370066,23.060534,20.123857,20.26202,20.646286,22.047112,21.874817
21.023361,21.94411,21.986471,22.151026,21.37237,22.327816,21.304358,19.75439,20.697998,21.110582,22.201242,19.528666,19.594551,19.893585,21.189184,20.891466
21.484758,22.812872,22.832619,23.112188,22.214993,23.255356,22.28854,20.88401,21.89255,22.511564,23.157747,20.192379,20.336086,20.735006,22.142237,21.987692
21.447685,22.77792,22.797552,23.06152,22.17349,23.201862,22.232006,20.821943,21.83496,22.432907,23.10084,20.149467,20.295137,20.677769,22.09282,21.918385
21.119545,22.165049,22.193144,22.383734,21.576992,22.55042,21.530024,20.030754,20.996506,21.448563,22.427288,19.6782,19.77158,20.093433,21.418798,21.14895
21.114134,22.140223,22.172972,22.362442,21.556843,22.531712,21.514412,20.004532,20.966248,21.41977,22.407228,19.667055,19.757376,20.078764,21.396114,21.129772
20.745392,21.459532,21.504816,21.608036,20.894646,21.80454,20.740782,19.12886,20.03805,20.330479,21.65832,19.146841,19.17321,19.422964,20.652407,20.27502
20.927837,21.73041,21.774961,21.91795,21.161983,22.090088,21.07819,19.483118,20.41591,20.770466,21.969503,19.387264,19.41587,19.68736,20.96525,20.629215
20.704079,21.317043,21.363405,21.468834,20.763985,21.666073,20.612423,18.974966,19.869024,20.137375,21.529585,19.074364,19.06707,19.315416,20.522038,20.134407
20.961035,21.78585,21.816557,21.981052,21.206747,22.14524,21.140696,19.563906,20.501453,20.867363,22.02508,19.436146,19.467157,19.758059,21.020767,20.710703
20.175894,19.844555,20.043089,20.460487,19.78724,21.069613,19.698523,18.277822,18.898378,19.36866,21.061914,18.341906,18.208775,18.836851,19.863224,19.467863
20.017208,19.651556,19.80675,19.957504,19.342253,20.395462,19.184538,17.372147,18.025494,18.253315,20.196257,18.059816,17.936218,18.312218,19.044498,18.726425
20.00174,19.612589,19.773247,19.920057,19.310911,20.362083,19.150038,17.330256,17.979855,18.202536,20.166283,18.035736,17.905998,18.277609,19.013754,18.68527
19.970123,19.567333,19.726955,19.867392,19.261526,20.310022,19.095863,17.271906,17.917645,18.129759,20.108164,17.99781,17.866442,18.235758,18.957708,18.628021
19.958961,19.582237,19.733686,19.86778,19.255009,20.300066,19.094152,17.266397,17.916681,18.123522,20.081709,17.994593,17.873102,18.240234,18.937685,18.626684
19.957102,19.57967,19.735313,19.865744,19.262938,20.30137,19.088186,17.267904,17.922586,18.120586,20.098148,17.99017,17.86314,18.22049,18.957134,18.613361
20.875196,21.25463,21.344135,21.714632,20.895815,22.075665,20.958696,19.394081,20.209576,20.76417,21.939074,19.260292,19.29212,19.813433,20.783697,20.68978
20.62217,20.782656,20.88465,21.201391,20.451172,21.596788,20.417835,18.823217,19.589489,20.038626,21.465345,18.90156,18.880707,19.369097,20.306454,20.107763
20.808687,21.121668,21.211157,21.564713,20.762226,21.929726,20.80192,19.216433,20.016678,20.540802,21.785734,19.160103,19.178057,19.68947,20.627876,20.520498
20.246553,20.06528,20.20442,20.397058,19.722755,20.805971,19.638771,17.833641,18.523165,18.845991,20.578463,18.36505,18.300512,18.707195,19.416658,19.222765
20.808239,21.173563,21.267704,21.636726,20.848948,22.028826,20.87848,19.288692,20.099764,20.664461,21.820831,19.166443,19.243923,19.76153,20.672298,20.636566
20.68292,20.959877,21.073599,21.44101,20.68959,21.874008,20.64492,19.195452,19.985945,20.478243,21.820162,19.030615,19.015497,19.5389,20.67412,20.379538
21.001118,21.509424,21.585058,21.99107,21.14211,22.340422,21.233347,19.722128,20.565258,21.166523,22.217916,19.445599,19.500645,20.045773,21.066916,20.997347
21.066452,21.658699,21.729486,22.14809,21.283783,22.488314,21.390003,19.907946,20.770302,21.393848,22.376251,19.548288,19.61725,20.16794,21.231903,21.164764
19.899233,19.478224,19.641022,19.759539,19.1731,20.205708,18.97973,17.155426,17.803009,17.978462,20.008987,17.913916,17.775524,18.122833,18.869291,18.492544
21.624638,22.727806,22.729156,23.2729,22.199717,23.435648,22.603441,21.200054,22.22152,22.99253,23.395636,20.3999,20.507156,21.09968,22.321913,22.404802
20.885796,21.32773,21.416496,21.807165,20.99421,22.18782,21.031317,19.552263,20.379744,20.940636,22.093262,19.300848,19.33387,19.87016,20.945246,20.78552
20.993988,21.520771,21.599548,21.998255,21.153337,22.346334,21.238707,19.732613,20.58304,21.177612,22.230263,19.44411,19.501266,20.035961,21.085508,20.994474
20.806181,21.180944,21.272577,21.630035,20.838978,22.00819,20.848156,19.32588,20.142061,20.66052,21.898369,19.18043,19.20286,19.711271,20.751097,20.573555
21.289692,22.254211,22.297146,22.88959,21.900515,23.183033,22.18707,21.006746,22.008333,22.716156,23.27978,20.048237,20.098713,20.724785,22.240738,22.0228
20.741116,21.177347,21.289,21.755644,20.95879,22.203384,20.973742,19.697016,20.548363,21.094042,22.245396,19.205261,19.203653,19.778067,21.140024,20.761106
20.970028,21.44106,21.508776,21.891973,21.016962,22.173292,21.170502,19.60439,20.474419,21.008392,22.082907,19.425898,19.430143,19.928686,20.973385,20.863094
20.532362,20.621681,20.729704,21.027885,20.289465,21.419052,20.25321,18.636606,19.3974,19.803648,21.294924,18.789879,18.743822,19.212112,20.150158,19.914083
20.503515,20.593006,20.699545,20.980572,20.250286,21.372692,20.199078,18.560295,19.31716,19.716246,21.220531,18.747696,18.716444,19.175093,20.072968,19.856323
19.980848,19.664524,19.81125,19.970623,19.34849,20.41063,19.187098,17.424137,18.0921,18.307749,20.22054,18.048506,17.934896,18.318298,19.084675,18.741253
19.504593,18.88482,19.04903,19.090992,18.54747,19.551403,18.308538,16.423855,17.01855,17.071962,19.289482,17.439102,17.27019,17.589186,18.175968,17.776506
19.323305,18.61116,18.779102,18.777754,18.256176,19.237783,18.00075,16.07616,16.650707,16.640926,18.949368,17.222559,17.033693,17.327898,17.854095,17.43505
19.526884,18.880667,19.060202,19.086561,18.546576,19.52931,18.331379,16.403801,17.00607,17.05003,19.281845,17.46027,17.269142,17.558823,18.181545,17.76266
19.272682,18.463652,18.653187,18.631636,18.132767,19.100101,17.87391,15.904336,16.46225,16.433702,18.819618,17.138668,16.920624,17.193768,17.723923,17.276556
19.026217,17.99426,18.223896,18.145405,17.720766,18.654774,17.396366,15.381585,15.895455,15.780867,18.397163,16.806156,16.523771,16.751583,17.310337,16.737717
18.901937,17.75394,18.020035,17.958923,17.588692,18.542463,17.177519,15.26987,15.74781,15.61805,18.368557,16.637205,16.314573,16.563894,17.27554,16.537802
19.556084,18.946772,19.117487,19.169317,18.634676,19.638685,18.381065,16.51392,17.115656,17.179285,19.404642,17.491293,17.318647,17.634727,18.284773,17.850576
19.136377,18.128752,18.382265,18.383617,17.976126,18.962881,17.590551,15.750506,16.260384,16.209234,18.822939,16.92701,16.635077,16.9221,17.711264,17.001482
20.37792,20.383722,20.503172,20.756401,20.06628,21.169672,19.961563,18.32251,19.067142,19.411657,21.035255,18.580704,18.526098,18.958326,19.89392,19.592146
20.277702,20.17916,20.309772,20.540373,19.873487,20.969254,19.746838,18.074232,18.792015,19.107088,20.823864,18.43546,18.36211,18.784824,19.675777,19.359648
19.934952,19.406374,19.628618,19.96538,19.352251,20.58779,19.195385,17.687674,18.266037,18.637545,20.557121,17.999077,17.828913,18.39854,19.361223,18.895674
20.327812,20.308073,20.433094,20.694666,20.019037,21.132462,19.887281,18.294264,19.030344,19.364565,21.02468,18.524603,18.457932,18.901413,19.883526,19.528439
19.409883,18.442623,18.707077,18.86749,18.375986,19.508287,18.105038,16.374914,16.854961,17.018152,19.401907,17.266758,17.006008,17.456697,18.213905,17.655931
20.460903,20.536762,20.644218,20.909346,20.19974,21.30608,20.113039,18.481495,19.239477,19.608618,21.16579,18.689949,18.650707,19.091156,20.023438,19.757105
20.118132,19.881401,20.024645,20.199043,19.57652,20.632244,19.403173,17.665567,18.355827,18.59826,20.473028,18.207466,18.10064,18.479033,19.330719,18.964981
20.599436,20.79927,20.893478,21.178783,20.439535,21.551569,20.383184,18.771652,19.55688,19.968245,21.412582,18.877989,18.863487,19.31327,20.272448,20.045425
20.59814,20.790623,20.889917,21.16916,20.434322,21.544899,20.374725,18.754438,19.536486,19.949202,21.404085,18.871426,18.857084,19.302761,20.26076,20.03226
20.353296,20.246964,20.417646,20.91059,20.18775,21.505295,20.167898,18.810865,19.50566,20.049952,21.483524,18.628292,18.563868,19.221916,20.311434,19.998602
21.095455,21.820421,21.860178,22.237383,21.391829,22.534662,21.425158,19.97353,20.876995,21.437511,22.440697,19.590939,19.668802,20.163328,21.324738,21.172625
21.503273,22.680893,22.687843,23.183004,22.234657,23.448063,22.37815,21.127172,22.121891,22.851976,23.41632,20.221949,20.371925,20.950329,22.32547,22.233528
22.204792,24.082268,24.036207,24.675108,23.502605,24.788446,23.973642,22.822933,23.981052,24.9889,24.760609,21.286673,21.560175,22.216625,23.732035,23.918867
23.069748,25.866474,25.7728,26.628805,25.071291,26.44734,26.219143,25.166304,26.586807,27.958273,26.502016,22.76238,23.107277,23.842646,25.670998,26.189886
22.286493,24.286358,24.24289,24.881943,23.693598,24.982603,24.186058,23.050758,24.232916,25.277126,24.9522,21.417223,21.719612,22.37144,23.932875,24.13499
23.35524,26.522049,26.426474,27.320005,25.639025,27.044453,27.002403,25.89199,27.427505,28.938145,27.06074,23.232239,23.685257,24.401642,26.26706,26.951847
22.790415,25.41458,25.400616,26.152328,24.762857,26.159513,25.643341,24.572084,25.88662,27.249561,26.118223,22.304909,22.72843,23.448034,25.18592,25.64368
22.59008,25.064352,25.090147,25.748535,24.466179,25.834734,25.161524,24.08356,25.328568,26.620995,25.78448,21.975672,22.392427,23.073395,24.806602,25.136377
22.64519,25.13938,25.145859,25.8165,24.511522,25.874577,25.235622,24.142925,25.405035,26.692625,25.827564,22.044424,22.456524,23.137108,24.850681,25.206532
22.383465,24.841858,24.834686,25.533861,24.258476,25.601927,24.93277,23.95346,25.304344,26.433842,25.707018,21.797497,22.162222,22.779837,24.792439,24.836416
23.327707,27.346937,27.495249,28.37373,26.69523,28.299679,28.24234,27.18068,28.86857,30.850554,28.104568,23.574059,24.484236,25.1543,27.390907,28.23568
23.184486,26.739473,26.785074,27.629427,26.103043,27.590872,27.30534,26.335644,27.876007,29.602566,27.433254,23.160114,23.874794,24.585567,26.676132,27.378687
23.606358,27.806526,27.93246,28.795204,27.038885,28.649006,28.640663,27.589752,29.300947,31.321064,28.531658,23.92159,24.820297,25.494606,27.76102,28.597692
24.185326,28.665724,28.647263,29.658264,27.575472,29.160633,29.71459,28.531979,30.446156,32.48215,29.179644,24.805426,25.580763,26.253885,28.506382,29.555325
24.301573,29.170385,29.173016,30.219238,28.033958,29.670128,30.369904,29.13408,31.21473,33.35661,29.686405,25.113039,26.038303,26.646519,29.045721,30.140501
24.143595,28.665342,28.680782,29.644672,27.625364,29.232435,29.633503,28.50287,30.386032,32.439434,29.25255,24.728546,25.549067,26.22158,28.517944,29.49138
24.49996,29.51571,29.48436,30.56905,28.280746,29.916933,30.79004,29.51173,31.66384,33.836407,29.965307,25.426956,26.339457,26.941868,29.352465,30.522825
24.508884,29.674656,29.649828,30.751661,28.435558,30.096045,30.993885,29.7285,31.95139,34.14596,30.172195,25.509808,26.474886,27.050804,29.566994,30.698076
24.389645,29.94747,30.004147,31.09908,28.725126,30.463602,31.362144,29.954699,32.373787,34.692245,30.447859,25.45236,26.76202,27.192183,29.817236,30.952635
24.654137,30.587374,30.596134,31.761646,29.225376,30.973318,32.13565,30.668833,33.276882,35.64857,31.002802,25.941502,27.313593,27.690033,30.434633,31.646332
24.583622,29.885004,29.86853,30.98219,28.608765,30.290274,31.270454,29.922659,32.208324,34.46391,30.324106,25.639015,26.687134,27.234177,29.718798,30.942356
25.178093,31.410334,31.307404,32.620136,29.75829,31.501438,33.313152,31.656347,34.483578,36.910263,31.625654,26.850447,28.098438,28.466377,31.194199,32.691208
24.965185,31.237576,31.19437,32.443005,29.685621,31.454866,32.990368,31.380867,34.196728,36.626396,31.544668,26.506002,27.913399,28.231705,31.030304,32.373203
24.951056,31.233465,31.188541,32.442413,29.69529,31.459576,32.998787,31.403067,34.22195,36.650295,31.539654,26.505217,27.909988,28.230143,31.046232,32.39435
24.739267,31.046078,31.04749,32.274677,29.594604,31.375763,32.78115,31.19892,34.036636,36.462784,31.418829,26.23552,27.75046,28.023073,30.913872,32.169056
24.295837,30.168478,30.239845,31.406414,28.94854,30.720703,31.838564,30.329603,32.975754,35.337376,30.66638,25.567255,27.030346,27.353117,30.155418,31.336863
25.16748,31.78134,31.699636,33.0321,30.100487,31.899897,33.77467,32.025734,35.065086,37.54465,32.01554,26.9759,28.443796,28.692972,31.573093,33.044422
25.39386,32.180454,32.052036,33.448673,30.369684,32.16873,34.322178,32.493763,35.645992,38.154053,32.328773,27.375778,28.813578,29.046883,31.946339,33.52565
25.695261,32.81083,32.624016,34.134964,30.803656,32.611053,35.261597,33.263054,36.64381,39.21527,32.815228,27.986782,29.42767,29.603163,32.56092,34.33172
26.545425,34.19757,33.822445,35.62907,31.676647,33.462772,37.41573,35.03254,38.846165,41.527996,33.8106,29.576763,30.79906,30.933167,33.899193,36.218838
25.562183,32.518772,32.356,33.8117,30.605085,32.41065,34.82271,32.903343,36.175648,38.711964,32.59614,27.713734,29.144194,29.350557,32.273735,33.958233
26.035942,33.375515,33.114597,34.738316,31.165592,32.970665,36.119537,33.966274,37.522705,40.13723,33.233444,28.61976,29.983246,30.139956,33.09877,35.08174
25.765793,32.88181,32.675774,34.204136,30.84289,32.647617,35.3768,33.358337,36.750633,39.318794,32.86554,28.104837,29.5013,29.688744,32.62519,34.44079
26.186901,33.60352,33.308254,34.987022,31.302885,33.103893,36.495216,34.268356,37.896873,40.530174,33.39028,28.90399,30.217484,30.371578,33.31994,35.411736
26.172684,33.59454,33.30351,34.975292,31.301865,33.101357,36.46185,34.24893,37.871597,40.505047,33.38604,28.872974,30.199352,30.350874,33.310474,35.3831
26.280094,33.78629,33.46837,35.17427,31.43795,33.246563,36.75253,34.48383,38.175552,40.813416,33.55113,29.092516,30.39403,30.537779,33.497204,35.638786
26.936508,34.831596,34.382748,36.328228,32.04996,33.811703,38.393223,35.83218,39.829865,42.592384,34.22089,30.265848,31.413658,31.52144,34.494453,37.061626
26.969122,34.91152,34.449852,36.404224,32.12485,33.90595,38.51572,35.92408,39.964535,42.716595,34.32195,30.363045,31.505268,31.60764,34.576756,37.171043
26.97148,34.89036,34.43416,36.390408,32.088184,33.84968,38.479225,35.90344,39.91863,42.685574,34.26511,30.329235,31.47023,31.575878,34.549717,37.136806
27.145094,35.184322,34.68618,36.701496,32.285698,34.052704,38.936405,36.2751,40.39046,43.17148,34.497902,30.672659,31.767714,31.864319,34.83646,37.539646
27.419987,35.600952,35.04947,37.16673,32.515697,34.25792,39.60432,36.819862,41.052723,43.889404,34.747032,31.152767,32.17615,32.261127,35.231133,38.11607
26.575287,34.254234,33.87664,35.69287,31.711172,33.49734,37.49583,35.095367,38.925255,41.619125,33.84819,29.624384,30.85266,30.981192,33.947773,36.284897
27.177834,35.211258,34.71139,36.740616,32.279385,34.029385,38.983936,36.318092,40.427277,43.22633,34.47894,30.701546,31.786068,31.88448,34.856792,37.577824
27.017437,34.953014,34.485847,36.45813,32.124355,33.88442,38.585175,35.987976,40.021805,42.79283,34.3073,30.414116,31.535822,31.642807,34.60998,37.230705
27.08657,35.06428,34.582863,36.580185,32.19118,33.948425,38.761127,36.13067,40.199043,42.98177,34.382523,30.541035,31.646336,31.749262,34.71634,37.38305
27.117918,35.124573,34.634777,36.64159,32.237537,33.99919,38.850307,36.20373,40.29456,43.077385,34.438435,30.608547,31.707651,31.808115,34.7759,37.463005
27.216478,35.290497,34.78101,36.82304,32.33939,34.095585,39.10382,36.413544,40.554478,43.3555,34.551037,30.78744,31.867796,31.960676,34.934742,37.682796
27.283869,35.398914,34.875507,36.9413,32.40478,34.157036,39.27159,36.552063,40.724907,43.53722,34.62357,30.908972,31.973255,32.06262,35.038292,37.828964
27.274487,35.36978,34.849537,36.913277,32.377243,34.124317,39.23314,36.520466,40.67975,43.493965,34.589127,30.881792,31.943703,32.036095,35.008785,37.794422
27.337551,35.46898,34.935474,37.02172,32.436268,34.179718,39.38917,36.64855,40.83714,43.661564,34.65477,30.995968,32.041252,32.131023,35.10364,37.93052
27.370897,35.522865,34.98282,37.081142,32.46795,34.20884,39.472622,36.717495,40.92175,43.752686,34.689396,31.055159,32.093243,32.180874,35.154995,38.00271
26.75935,34.55577,34.138657,36.01986,31.900434,33.687595,37.973522,35.47709,39.40632,42.126408,34.06762,29.973259,31.158594,31.276169,34.235447,36.699463
27.213142,35.27858,34.76936,36.80977,32.329952,34.085884,39.088318,36.39976,40.53616,43.335335,34.54099,30.78001,31.857231,31.952072,34.922607,37.66956
27.159765,35.187202,34.68926,36.71021,32.271755,34.02776,38.944923,36.283916,40.38975,43.18048,34.474323,30.677835,31.76562,31.864803,34.834324,37.5453
27.25145,35.339676,34.823074,36.87707,32.365345,34.117107,39.18097,36.47803,40.630634,43.437637,34.578484,30.845789,31.91458,32.0074,34.980637,37.750263
27.093426,35.069828,34.58476,36.58044,32.198624,33.956844,38.762737,36.13522,40.202663,42.979515,34.39305,30.553404,31.650467,31.756804,34.72101,37.388607
27.212656,35.280792,34.771965,36.811615,32.33181,34.08655,39.086407,36.400677,40.53644,43.33614,34.541843,30.777098,31.85644,31.95057,34.924324,37.667988
27.27397,35.364994,34.844906,36.90846,32.371933,34.118046,39.227684,36.51535,40.672325,43.486523,34.582863,30.87905,31.939236,32.0324,35.003483,37.7893
27.322285,35.443516,34.913177,36.99379,32.42004,34.164017,39.34958,36.615593,40.79641,43.61813,34.636818,30.9677,32.016224,32.106796,35.078743,37.895584
27.058691,35.023495,34.54715,36.53192,32.170723,33.930466,38.68852,36.073494,40.12904,42.904114,34.360786,30.49101,31.603762,31.707909,34.676575,37.32106
27.111864,35.10944,34.622017,36.625744,32.22292,33.979477,38.821415,36.183826,40.264553,43.04864,34.41838,30.587149,31.687225,31.788757,34.759068,37.43732
26.943686,34.842197,34.389137,36.332176,32.06498,33.832787,38.40331,35.83938,39.841923,42.596096,34.24438,30.285368,31.426546,31.536419,34.503696,37.073658
26.951899,34.85171,34.39698,36.342964,32.06877,33.834595,38.418808,35.853085,39.856766,42.612614,34.247437,30.2977,31.43513,31.54567,34.512547,37.087646
26.98438,34.91004,34.449963,36.40883,32.102776,33.86505,38.50724,35.92688,39.947918,42.713207,34.282932,30.354681,31.489748,31.595945,34.568245,37.1628
26.611103,34.29006,33.90455,35.725666,31.728796,33.511387,37.540314,35.13385,38.96435,41.65824,33.869423,29.673191,30.883642,31.017385,33.973602,36.32643
26.999765,34.9179,34.454178,36.419594,32.100582,33.861046,38.533806,35.944157,39.966507,42.733517,34.281,30.380413,31.502666,31.612146,34.575233,37.185913
26.714958,34.45926,34.056725,35.92075,31.818382,33.587765,37.812107,35.35556,39.235348,41.959965,33.961372,29.852169,31.046587,31.17001,34.134396,36.556194
26.436234,33.95837,33.612255,35.373146,31.497816,33.271786,37.043415,34.726723,38.4404,41.113266,33.600792,29.321455,30.555256,30.708803,33.650444,35.892612
26.136631,33.430847,33.145325,34.79507,31.164146,32.943882,36.226677,34.06104,37.600742,40.218193,33.22513,28.754017,30.03521,30.218561,33.14139,35.187645
25.709202,32.56559,32.36597,33.860077,30.569286,32.338444,34.953976,33.0082,36.245564,38.78233,32.55087,27.906593,29.198961,29.451704,32.30023,34.089138
25.329422,31.76922,31.6432,32.9931,30.017525,31.769659,33.773914,32.04049,34.9889,37.445343,31.923569,27.139126,28.42236,28.746216,31.52384,33.07593
24.924397,30.663668,30.602032,31.783863,29.184834,30.882433,32.219746,30.750437,33.261177,35.59028,30.981436,26.24521,27.366169,27.836445,30.432034,31.755371
24.796705,30.356947,30.319275,31.459637,28.950077,30.638512,31.818298,30.396763,32.805634,35.107307,30.717102,25.992712,27.087215,27.585066,30.132353,31.400988
24.622269,29.870205,29.857302,30.92595,28.574465,30.235239,31.14907,29.832047,32.054214,34.294285,30.292933,25.61543,26.626379,27.185724,29.650894,30.82597
24.33615,29.251184,29.290092,30.256174,28.104086,29.741856,30.314846,29.089685,31.121853,33.28803,29.760866,25.079971,26.051516,26.643887,29.039787,30.070536
23.987017,28.310982,28.394316,29.220943,27.332857,28.9069,29.089516,27.978382,29.703117,31.726257,28.895678,24.388338,25.185524,25.853174,28.090399,28.956186
24.045107,28.497105,28.582884,29.452734,27.493288,29.105453,29.375082,28.217283,30.017838,32.09797,29.0905,24.5201,25.385534,26.038553,28.289928,29.21296
23.379663,26.664812,26.761572,27.396704,25.832603,27.25132,27.06272,25.940662,27.289648,28.961264,27.219074,23.253748,23.725422,24.421434,26.337809,26.965757
23.014427,25.911736,26.031584,26.568928,25.150354,26.505533,26.15343,24.97223,26.221636,27.724552,26.44746,22.661663,23.068983,23.71345,25.533848,26.018393
22.239134,24.302376,24.421967,24.781439,23.633883,24.823553,24.207123,22.852133,23.95324,25.029922,24.732723,21.41191,21.666992,22.166578,23.775673,23.949183
22.092562,24.062845,24.106012,24.516468,23.418093,24.596119,23.816763,22.493595,23.654184,24.595339,24.521063,21.14165,21.449366,21.92222,23.512709,23.579824
21.715803,23.264761,23.311628,23.640097,22.649973,23.751783,22.90028,21.460882,22.548178,23.295574,23.655396,20.553469,20.773745,21.179323,22.637222,22.58953
22.028505,23.887417,23.976751,24.322378,23.26381,24.422804,23.647133,22.317398,23.37887,24.337502,24.328848,21.053993,21.2903,21.780226,23.337315,23.40857
22.848822,25.6236,25.750435,26.281446,24.935402,26.296711,25.808504,24.658064,25.867615,27.336073,26.211836,22.40438,22.82876,23.482534,25.271769,25.710024
22.609179,24.980787,25.003965,25.493242,24.194822,25.405346,24.949488,23.65759,24.884119,26.025711,25.358019,21.953161,22.238493,22.78295,24.43888,24.738064
21.911346,23.677593,23.728071,24.09286,23.01595,24.143597,23.424551,21.998981,23.150352,23.9803,24.071516,20.89134,21.133785,21.548042,23.09179,23.105751
22.222612,24.21537,24.24838,24.664452,23.520699,24.68378,24.012894,22.705414,23.831427,24.81122,24.615133,21.334091,21.569845,22.083277,23.65008,23.793873
22.455166,24.717192,24.783981,25.23058,24.010147,25.233253,24.649843,23.38086,24.538101,25.679949,25.164097,21.72474,22.014677,22.567804,24.21235,24.457323
22.48777,24.868937,24.968197,25.436493,24.21864,25.498451,24.861458,23.654118,24.80441,26.049644,25.402218,21.807503,22.16308,22.756907,24.43833,24.725056
21.6979,23.22355,23.290909,23.584135,22.617924,23.7108,22.84513,21.44361,22.464775,23.23428,23.607311,20.538689,20.715544,21.147287,22.603209,22.554756
21.594358,23.015839,23.058586,23.33417,22.383057,23.431017,22.584719,21.132421,22.167606,22.840178,23.32977,20.381914,20.528702,20.91756,22.342464,22.251896
22.534348,24.917261,24.982296,25.480968,24.26686,25.547337,24.861202,23.721836,24.861912,26.098166,25.471987,21.843248,22.183296,22.811543,24.496159,24.771097
21.256245,22.390333,22.439802,22.648989,21.808475,22.811722,21.834015,20.335535,21.309986,21.842464,22.68987,19.873672,19.9851,20.327585,21.677746,21.465212
21.417112,22.700117,22.765244,22.994623,22.105942,23.138338,22.220072,20.734787,21.732746,22.352259,23.018755,20.120539,20.259983,20.621542,22.014002,21.86372
21.331074,22.548174,22.594984,22.816713,21.952795,22.966759,22.009897,20.533165,21.521536,22.0865,22.84872,19.990995,20.115274,20.469435,21.84257,21.653238
21.635567,23.121813,23.19075,23.483784,22.521915,23.619682,22.74838,21.323784,22.346397,23.102392,23.497509,20.457476,20.645817,21.072485,22.490665,22.45335
21.248411,22.43865,22.488642,22.703941,21.83736,22.865772,21.901089,20.419952,21.393522,21.954762,22.721521,19.902185,20.035252,20.401127,21.714695,21.550222
21.339535,22.60951,22.654755,22.897013,22.006794,23.055431,22.09838,20.649576,21.635132,22.241077,22.916142,20.033445,20.18373,20.57332,21.907257,21.774237
21.26475,22.48758,22.52809,22.752619,21.877539,22.907612,21.945559,20.479218,21.463337,22.025944,22.76442,19.931946,20.07199,20.441904,21.762365,21.602661
20.98553,21.997585,22.021906,22.205307,21.394629,22.385553,21.3535,19.852285,20.803312,21.237263,22.220993,19.536776,19.644821,19.981752,21.217417,20.9829
21.40113,22.751186,22.792656,23.044897,22.138544,23.189932,22.251575,20.815077,21.824844,22.450111,23.054003,20.129875,20.298119,20.685526,22.05406,21.931135
20.554502,20.675121,20.786928,21.067455,20.33384,21.456436,20.290468,18.644224,19.408379,19.825226,21.305801,18.808756,18.785896,19.239708,20.154316,19.94479
19.847311,19.377365,19.55578,19.678059,19.125477,20.155136,18.882498,17.109951,17.753338,17.902748,20.014473,17.843967,17.677332,18.018291,18.879036,18.39066
19.905415,19.503979,19.660353,19.779997,19.189262,20.220879,18.996656,17.176525,17.827826,18.0033,20.018633,17.926146,17.793125,18.141983,18.881346,18.513773
20.669514,20.927813,21.024199,21.34601,20.569195,21.689463,20.583012,19.025978,19.850735,20.26625,21.629198,19.016233,18.968931,19.42211,20.523733,20.231731
19.817663,19.29399,19.471561,19.555696,18.982395,19.987455,18.806147,16.906395,17.540693,17.67803,19.778652,17.800232,17.630049,17.944078,18.653015,18.27131
20.255043,20.174337,20.33395,20.632887,19.97748,21.12322,19.828135,18.336603,19.067286,19.40302,21.108946,18.456844,18.354109,18.819178,19.977478,19.478954
20.838535,21.229256,21.314167,21.674505,20.873426,22.038994,20.896797,19.360636,20.183609,20.706852,21.921278,19.218525,19.245192,19.751945,20.774937,20.621428
19.941229,19.546896,19.708899,19.83821,19.247602,20.284843,19.056433,17.246618,17.901318,18.090054,20.098103,17.966772,17.832592,18.184664,18.95628,18.576973
19.688324,19.081993,19.273981,19.316181,18.776112,19.752655,18.57,16.639225,17.259857,17.341742,19.544804,17.635899,17.438858,17.7176,18.434898,17.994787
20.540686,20.710157,20.817116,21.120115,20.398066,21.531181,20.3138,18.76944,19.545765,19.952528,21.434372,18.818226,18.78872,19.257185,20.293613,19.992092
20.76897,21.120062,21.204866,21.55177,20.768776,21.92278,20.762741,19.229713,20.046816,20.536516,21.810429,19.127567,19.142712,19.63791,20.669115,20.476906
20.780968,21.124323,21.207407,21.53356,20.718824,21.838837,20.789534,19.192217,20.035603,20.488102,21.742447,19.16246,19.14234,19.596903,20.63779,20.441044
19.198547,18.217623,18.464073,18.417715,17.99649,18.936512,17.666183,15.689894,16.226852,16.156094,18.744026,16.996635,16.710428,16.936768,17.645237,17.014208
19.700409,19.169014,19.341633,19.418074,18.874409,19.88229,18.62805,16.789629,17.416576,17.516258,19.684248,17.665602,17.500095,17.817282,18.559732,18.10715
19.46738,18.716194,18.923632,18.922098,18.428219,19.385294,18.171556,16.213787,16.802393,16.811535,19.169462,17.354336,17.126534,17.37964,18.067898,17.562197
19.03711,17.945417,18.21075,18.126455,17.743536,18.662344,17.378199,15.378616,15.89274,15.766861,18.474142,16.792225,16.474615,16.673885,17.387653,16.69095
19.53098,18.808138,19.039785,19.072927,18.583517,19.559513,18.322147,16.44669,17.054005,17.08425,19.426418,17.444742,17.201494,17.46321,18.331923,17.721516
19.801563,19.323458,19.519234,19.626999,19.070139,20.080217,18.863354,17.089903,17.753641,17.867899,19.978592,17.821886,17.622688,17.932137,18.88666,18.327538
19.861404,19.444214,19.66314,19.921137,19.349243,20.487698,19.10045,17.638905,18.25633,18.52312,20.496675,17.930094,17.745934,18.221405,19.381922,18.737423
18.837526,17.572464,17.868433,17.741219,17.400175,18.297245,17.014217,14.967539,15.443307,15.260091,18.112673,16.535423,16.168037,16.340603,17.039692,16.280954
19.28506,18.371737,18.63095,18.625547,18.187311,19.145323,17.876429,15.992016,16.551668,16.510426,19.026726,17.130701,16.832462,17.077374,17.948055,17.24266
20.187906,19.998886,20.141697,20.335308,19.671387,20.730953,19.579477,17.833584,18.55233,18.810656,20.588125,18.32705,18.212366,18.590273,19.471312,19.128555
20.091642,19.823599,19.975605,20.166962,19.538877,20.616425,19.383394,17.65568,18.339169,18.594158,20.460226,18.18207,18.07419,18.470669,19.31499,18.956171
19.33711,18.522367,18.726505,18.7198,18.235405,19.203386,17.959099,16.011007,16.576704,16.560862,18.968475,17.199474,16.969595,17.237331,17.864763,17.359558
18.51013,17.114025,17.40752,17.232653,16.927557,17.821182,16.487991,14.435652,14.8616085,14.60052,17.585316,16.153675,15.774675,15.950047,16.522678,15.747936
18.449694,17.013731,17.315933,17.128992,16.837215,17.725021,16.38631,14.330198,14.744305,14.469552,17.492008,16.079334,15.68791,15.858195,16.433891,15.637026
19.068556,18.068367,18.302155,18.221176,17.801535,18.726627,17.469503,15.461041,15.987949,15.87536,18.486063,16.856686,16.575075,16.789364,17.403004,16.802834
19.24524,18.339413,18.567863,18.526144,18.08074,19.016747,17.77542,15.803318,16.359856,16.29415,18.811993,17.074728,16.802996,17.030178,17.72562,17.128757
19.480352,18.784063,18.98231,18.997425,18.489561,19.454641,18.239468,16.328556,16.933187,16.94292,19.255518,17.395592,17.173565,17.437315,18.16703,17.644377
19.162971,18.174446,18.424435,18.37321,17.948143,18.877192,17.634275,15.667454,16.212027,16.117748,18.704689,16.973175,16.666111,16.881876,17.632158,16.965532
19.341896,18.550495,18.759926,18.776304,18.306147,19.287004,17.9903,16.12603,16.69851,16.68363,19.103945,17.212692,16.978123,17.258852,18.00174,17.411995
19.270443,18.404116,18.624104,18.618437,18.163933,19.133821,17.843111,15.938548,16.494865,16.4576,18.939812,17.112278,16.862015,17.127842,17.837412,17.242039
19.363655,18.607168,18.805746,18.815275,18.324999,19.300076,18.041319,16.145735,16.728207,16.715593,19.089272,17.25042,17.02762,17.302876,17.994005,17.456429
18.87923,17.764793,18.016674,17.90358,17.515991,18.427593,17.15761,15.14043,15.64583,15.472037,18.194712,16.63081,16.31626,16.510567,17.130274,16.45953
19.308111,18.478397,18.689987,18.678928,18.202791,19.165443,17.920555,15.982344,16.55128,16.519222,18.949083,17.169325,16.927473,17.185648,17.855637,17.30979
18.693865,17.448317,17.714382,17.563793,17.220049,18.11719,16.812908,14.769714,15.237695,15.01325,17.872313,16.38908,16.047787,16.226963,16.806831,16.091986
19.121151,18.143164,18.369753,18.328512,17.895998,18.8522,17.561758,15.601514,16.128368,16.049322,18.624376,16.917671,16.650661,16.901388,17.522326,16.934998
19.966217,19.611765,19.77799,19.936625,19.337292,20.390272,19.157515,17.408705,18.08197,18.28129,20.245745,18.024187,17.886019,18.250914,19.118206,18.691874
19.925924,19.583017,19.744108,19.874937,19.283844,20.306318,19.09258,17.331776,18.016983,18.17457,20.165092,17.984226,17.8354,18.168316,19.060244,18.597546
19.900558,19.559078,19.718903,19.819408,19.235466,20.226347,19.041975,17.25062,17.944498,18.067837,20.082672,17.956251,17.79535,18.094494,18.997149,18.513336
20.186218,20.106623,20.238436,20.421324,19.786999,20.830288,19.610651,17.94822,18.68893,18.925064,20.715523,18.340187,18.245756,18.607674,19.60867,19.172176
20.284792,20.304848,20.417,20.613775,19.956467,21.001907,19.794085,18.147787,18.90704,19.170204,20.876759,18.472286,18.401655,18.773703,19.769348,19.37588
20.479403,20.680408,20.782917,21.012474,20.318108,21.375393,20.194626,18.597908,19.40241,19.724186,21.276937,18.744228,18.703537,19.085672,20.17632,19.798096
20.342224,20.446198,20.575115,20.776262,20.132952,21.173248,19.945597,18.37144,19.158031,19.42574,21.117912,18.566069,18.488173,18.844019,20.026793,19.519571
21.259403,22.235104,22.269123,22.66845,21.775188,22.918308,21.871826,20.502375,21.481075,22.07628,22.889107,19.881296,19.976986,20.458681,21.818377,21.611616
21.5994,22.988472,23.011866,23.467937,22.520277,23.712692,22.678633,21.371855,22.410439,23.200409,23.592796,20.369974,20.616993,21.147255,22.528318,22.52676
20.480726,20.643412,20.798525,21.288733,20.567383,21.866768,20.511608,19.219841,19.989168,20.551382,21.842518,18.831396,18.841503,19.465744,20.700186,20.35735
21.514946,22.755999,22.768179,23.178947,22.237463,23.380829,22.378933,21.023249,22.04819,22.72893,23.321014,20.227724,20.389809,20.876318,22.253613,22.147638
23.126158,26.400486,26.474472,27.225355,25.73269,27.217144,26.821491,25.815424,27.233173,28.886623,27.149612,22.94763,23.554483,24.27227,26.261124,26.827772
22.826376,26.02516,26.150585,26.891327,25.494465,26.985796,26.49026,25.510422,26.91955,28.557552,26.855509,22.601332,23.264297,23.95706,26.01503,26.52043
23.529734,27.563251,27.720993,28.54326,26.783648,28.402205,28.395737,27.266462,28.930887,30.929512,28.303988,23.774454,24.637405,25.301062,27.48368,28.294542
23.610617,27.371243,27.396364,28.25109,26.571274,28.094612,27.947159,26.994644,28.542622,30.36932,28.064285,23.714708,24.372013,25.13172,27.23899,27.97834
23.474436,27.318335,27.424416,28.241692,26.6053,28.175335,27.940273,27.024797,28.56809,30.459133,28.13942,23.59801,24.33245,25.073227,27.302563,27.959152
23.570808,27.822647,27.970379,28.818895,27.047956,28.661041,28.689926,27.595158,29.340002,31.37048,28.534502,23.905758,24.843637,25.480202,27.775679,28.604265
23.363352,27.166565,27.287031,28.08151,26.507105,28.057928,27.773254,26.830946,28.35855,30.240562,27.936178,23.440948,24.214928,24.937643,27.122147,27.818354
24.043062,28.94697,29.037907,30.011047,27.955399,29.631683,30.025839,28.850752,30.892155,33.07455,29.58237,24.722427,25.822777,26.39485,28.865402,29.82465
24.241558,29.60479,29.676018,30.735163,28.482222,30.19355,30.920074,29.608315,31.908152,34.184574,30.147194,25.186344,26.439774,26.913607,29.517305,30.595602
24.452068,29.966755,29.998428,31.104736,28.739134,30.461695,31.358461,30.004015,32.38628,34.69009,30.465284,25.518028,26.75924,27.229416,29.845877,30.989717
24.294498,29.666698,29.732643,30.80026,28.511623,30.24365,30.9995,29.65386,31.970764,34.255337,30.222067,25.255365,26.508091,26.98315,29.556997,30.648748
24.086508,29.068768,29.168348,30.151218,27.982763,29.67867,30.276745,28.937132,31.084564,33.276993,29.65407,24.850302,25.983137,26.486172,28.939903,29.944279
25.618351,32.70757,32.539085,34.02441,30.743317,32.55301,35.08965,33.124973,36.476887,39.04179,32.745613,27.846899,29.320208,29.492216,32.46303,34.177708
24.516737,30.12863,30.15819,31.24814,28.864895,30.596786,31.465021,30.104433,32.51716,34.82724,30.626427,25.58701,26.871565,27.31855,29.960749,31.06674
24.845951,30.951267,30.926685,32.148605,29.473444,31.241396,32.642174,31.076666,33.80426,36.210556,31.309925,26.28873,27.665775,28.016981,30.767017,32.07553
25.268528,31.921387,31.816349,33.17197,30.190298,31.982939,33.95428,32.1924,35.25514,37.73934,32.122025,27.132652,28.565613,28.821863,31.701887,33.211517
24.772247,30.631275,30.60654,31.78106,29.233671,30.977455,32.177345,30.715147,33.287632,35.638184,31.04044,26.081598,27.352436,27.775953,30.450628,31.707623
24.79708,30.760366,30.73585,31.942461,29.306026,31.071909,32.428852,30.870647,33.545815,35.91291,31.155712,26.197392,27.50815,27.883184,30.587358,31.874222
24.680048,30.209492,30.192146,31.31085,28.876057,30.592987,31.633818,30.223595,32.623947,34.910458,30.65024,25.83511,26.972815,27.46581,30.00915,31.234625
25.6246,32.7186,32.546886,34.032204,30.757147,32.57878,35.11263,33.132427,36.49595,39.0549,32.772976,27.871277,29.342035,29.514133,32.4714,34.19658
25.083101,31.575138,31.510588,32.805508,29.948122,31.745903,33.469524,31.765646,34.727047,37.184776,31.853022,26.789057,28.246088,28.516657,31.361824,32.776722
25.25469,31.921345,31.818993,33.16475,30.20284,32.009228,33.945072,32.17248,35.246452,37.72301,32.146095,27.123756,28.571617,28.821003,31.69606,33.19806
25.110313,31.538067,31.461325,32.758415,29.909042,31.707232,33.446667,31.734865,34.674667,37.11598,31.820805,26.826416,28.227331,28.521673,31.32011,32.765495
25.454624,32.33669,32.192192,33.608,30.499859,32.32027,34.552814,32.671844,35.89685,38.40431,32.48912,27.533598,28.978027,29.193865,32.100662,33.724735
25.886194,33.12502,32.890945,34.457664,31.021908,32.84145,35.731377,33.64602,37.129025,39.707043,33.08071,28.356464,29.743822,29.914503,32.860733,34.749657
26.697441,34.46967,34.066986,35.925064,31.85134,33.63842,37.821262,35.360226,39.260136,41.973797,34.008686,29.85459,31.064625,31.18203,34.152348,36.567028
26.225597,33.714397,33.41339,35.104904,31.387335,33.189804,36.63449,34.39156,38.05866,40.703594,33.483063,28.982164,30.314323,30.453175,33.427593,35.530525
25.871063,33.105267,32.879036,34.44631,30.997658,32.813984,35.713036,33.622673,37.10292,39.691082,33.049816,28.324316,29.726028,29.890532,32.839336,34.72346
25.114677,31.540552,31.466936,32.766567,29.88706,31.678177,33.46744,31.73261,34.68119,37.125847,31.799828,26.831345,28.231777,28.513733,31.315363,32.760693
25.876312,33.137806,32.907795,34.470276,31.038162,32.85851,35.730396,33.650673,37.13975,39.720394,33.09661,28.340675,29.747812,29.910385,32.873135,34.74623
26.797432,34.63067,34.209766,36.103565,31.94262,33.719208,38.06595,35.56402,39.507744,42.243706,34.10633,30.0251,31.216225,31.326487,34.30353,36.777172
26.219818,33.710556,33.407364,35.089905,31.399902,33.21312,36.61282,34.374413,38.04304,40.674923,33.508163,28.980148,30.311998,30.453262,33.42306,35.51601
26.943214,34.850525,34.398647,36.3454,32.069805,33.83902,38.422943,35.85207,39.861916,42.62065,34.24954,30.290092,31.437641,31.543833,34.513542,37.087833
26.579397,34.280544,33.90389,35.71947,31.734165,33.526695,37.523758,35.114033,38.9567,41.653194,33.878433,29.635538,30.87784,30.999594,33.968563,36.304783
25.96131,33.220898,32.969913,34.5589,31.074284,32.887592,35.882465,33.770496,37.27506,39.859398,33.140316,28.482666,29.837864,30.012255,32.948833,34.88424
26.684052,34.448536,34.048416,35.90044,31.840033,33.62945,37.786087,35.33035,39.224453,41.93428,33.998108,29.830889,31.0443,31.162346,34.131165,36.53615
26.849504,34.71193,34.277283,36.187813,31.998253,33.777653,38.195614,35.668636,39.639782,42.376778,34.173347,30.129225,31.301067,31.41155,34.38309,36.893696
26.376436,33.937477,33.599537,35.33975,31.52941,33.337624,36.994232,34.676697,38.41612,41.069283,33.65748,29.269884,30.547789,30.687593,33.640327,35.848454
26.263763,33.736282,33.421913,35.120945,31.398638,33.20641,36.68644,34.424625,38.09703,40.731148,33.507507,29.054384,30.34934,30.499851,33.44553,35.58151
25.749619,32.57099,32.34993,33.84186,30.591656,32.3747,34.949886,33.017,36.241955,38.748184,32.600735,27.975655,29.211939,29.494904,32.30728,34.112934
25.866316,32.82988,32.58289,34.116222,30.78334,32.57956,35.33162,33.326836,36.65291,39.174522,32.822735,28.23097,29.469221,29.728153,32.561436,34.443295
26.964617,34.888912,34.42254,36.366756,32.122395,33.909843,38.471832,35.89216,39.922256,42.656345,34.326286,30.359238,31.485186,31.597794,34.55505,37.143497
25.126366,31.294489,31.194841,32.45065,29.701654,31.461168,33.07668,31.454367,34.236332,36.608395,31.590527,26.746674,27.977583,28.358185,31.055984,32.48581
25.19322,31.157516,31.031744,32.30114,29.549683,31.270025,32.931396,31.35526,34.02621,36.381245,31.414408,26.770178,27.850641,28.308681,30.917706,32.398804
25.458534,31.734442,31.558392,32.926727,29.950687,31.684206,33.787243,32.048214,34.93609,37.346073,31.867533,27.320007,28.414806,28.813036,31.476755,33.126774
26.17995,33.44674,33.136665,34.785713,31.188902,32.98755,36.273064,34.083088,37.635033,40.21158,33.283142,28.862238,30.076714,30.279476,33.15767,35.24114
25.145391,31.140608,31.028904,32.278355,29.544409,31.274393,32.90505,31.302416,33.997536,36.344204,31.411028,26.720451,27.840185,28.26882,30.8922,32.347736
25.665802,32.338787,32.124767,33.571404,30.425116,32.205498,34.634983,32.734653,35.881905,38.337097,32.420273,27.821096,29.003832,29.314253,32.07275,33.84145
25.798521,32.628407,32.38831,33.88715,30.631577,32.421265,35.06292,33.087772,36.342354,38.82676,32.655518,28.095993,29.287172,29.571474,32.358368,34.21119
26.389679,33.87807,33.525608,35.25639,31.494173,33.302734,36.911724,34.617504,38.319633,40.941906,33.626553,29.28259,30.497353,30.670147,33.58331,35.801785
25.310572,31.717316,31.573015,32.89817,30.036053,31.825861,33.69232,31.969818,34.917473,37.311295,31.981722,27.16107,28.39874,28.747145,31.485708,33.03383
25.702898,32.807068,32.594112,34.078175,30.86363,32.715,35.228996,33.233875,36.6277,39.127197,32.92956,28.059639,29.44726,29.646423,32.562855,34.333973
26.802969,34.69685,34.263638,36.149708,32.039585,33.851532,38.14204,35.62341,39.613945,42.32017,34.241196,30.09765,31.294786,31.399237,34.377388,36.855057
26.555122,34.30161,33.920242,35.71664,31.802029,33.626553,37.519436,35.11318,38.98439,41.649445,33.975986,29.645565,30.90491,31.021305,33.997852,36.312637
26.475885,34.148632,33.78307,35.548687,31.703125,33.528088,37.28161,34.92184,38.737846,41.38701,33.86592,29.486927,30.753244,30.88247,33.849545,36.10983
27.186247,35.284504,34.773926,36.799236,32.375256,34.157425,39.074974,36.388206,40.546406,43.3226,34.609062,30.775835,31.870747,31.960415,34.936684,37.66522
25.460165,32.262012,32.10132,33.49215,30.465315,32.290714,34.421852,32.574635,35.754776,38.213737,32.466087,27.532103,28.907665,29.159086,32.022408,33.638554
24.824991,30.704191,30.666246,31.815393,29.284157,31.02066,32.21094,30.738144,33.31705,35.63651,31.103403,26.154982,27.397043,27.812452,30.483864,31.726854
24.735004,30.34765,30.31779,31.428135,28.993555,30.700716,31.74235,30.348783,32.7731,35.050823,30.772934,25.922812,27.063768,27.5444,30.131926,31.337421
25.506985,32.229702,32.057472,33.460175,30.40316,32.205524,34.40521,32.561447,35.701992,38.1615,32.391098,27.567778,28.87774,29.156086,31.981382,33.630928
24.83886,30.859955,30.825806,31.992725,29.421368,31.173117,32.409966,30.911732,33.56558,35.91274,31.253307,26.222559,27.53878,27.917362,30.64734,31.892126
24.497082,29.773443,29.784456,30.80476,28.553608,30.229439,30.95172,29.672014,31.89267,34.104897,30.270388,25.43926,26.518282,27.050438,29.565458,30.641855
24.489864,29.663471,29.669565,30.686857,28.457783,30.121294,30.818726,29.56718,31.7314,33.930744,30.162592,25.393959,26.418608,26.983635,29.459581,30.541206
24.634306,30.295301,30.295403,31.385105,28.97696,30.692678,31.65362,30.265554,32.706158,34.99463,30.74409,25.78091,27.008614,27.453077,30.090508,31.235928
24.401587,29.670504,29.712631,30.698713,28.471718,30.146841,30.79467,29.506752,31.720125,33.93081,30.177113,25.27791,26.41541,26.91372,29.450544,30.460966
24.483429,29.950127,29.977133,31.012806,28.712164,30.407772,31.183365,29.8605,32.18374,34.434483,30.437914,25.48421,26.681202,27.151375,29.75219,30.818586
23.967524,28.368973,28.453522,29.276312,27.406347,28.98069,29.117292,28.034853,29.78384,31.807745,28.966969,24.37487,25.215172,25.865244,28.16139,28.98801
24.170692,28.73615,28.782473,29.672071,27.67508,29.265146,29.62348,28.477173,30.331364,32.39354,29.285318,24.730148,25.564854,26.207924,28.518408,29.448053
23.802265,27.85013,27.93259,28.707645,26.954575,28.479471,28.462881,27.436243,29.026342,30.954971,28.457392,24.031145,24.744081,25.44321,27.633707,28.395926
24.277857,29.254059,29.30505,30.241564,28.12615,29.768478,30.277529,29.043177,31.107754,33.253498,29.784231,25.019386,26.040838,26.593073,29.036095,30.008968
24.295168,29.433008,29.482723,30.44551,28.310823,29.978868,30.506062,29.269897,31.412956,33.58863,29.985878,25.109972,26.20663,26.735096,29.246128,30.229094
23.740808,27.86981,27.977863,28.744654,26.988192,28.522804,28.522308,27.460201,29.098173,31.043781,28.47758,23.993872,24.774921,25.43107,27.669458,28.421818
24.019032,28.734768,28.8256,29.70232,27.735647,29.3419,29.627579,28.486687,30.402714,32.49917,29.308706,24.57561,25.562403,26.143053,28.563084,29.437561
23.823586,28.17925,28.300468,29.080162,27.242199,28.798292,28.906704,27.788969,29.53007,31.53343,28.758106,24.174223,25.049019,25.652142,27.967096,28.740364
23.386923,26.78855,26.868742,27.517431,25.944292,27.346779,27.146666,26.056068,27.458042,29.121315,27.318851,23.270603,23.798609,24.46279,26.462431,27.045305
23.37205,26.943457,27.062508,27.716103,26.159079,27.60478,27.345795,26.307158,27.732533,29.481754,27.543097,23.310415,23.935719,24.602884,26.689714,27.276955
23.68585,27.755922,27.866512,28.623604,26.895723,28.41959,28.378057,27.33268,28.94386,30.87092,28.366184,23.899527,24.669891,25.33009,27.560461,28.29171
23.504004,27.171518,27.286854,27.943039,26.3246,27.776463,27.608183,26.546886,27.996517,29.780632,27.73943,23.5083,24.126328,24.79287,26.887491,27.510567
23.368238,26.957554,27.089361,27.710953,26.148203,27.58432,27.343666,26.282175,27.706194,29.450172,27.527958,23.309584,23.933535,24.57955,26.673325,27.241997
22.828547,25.74377,25.868992,26.346825,25.002115,26.306086,25.828222,24.692062,25.94215,27.369698,26.230772,22.39001,22.851473,23.432219,25.336628,25.677488
23.272282,26.815845,26.972172,27.547705,25.991405,27.40502,27.207209,26.065199,27.49871,29.205948,27.334024,23.19332,23.818977,24.411095,26.493834,27.039557
22.966463,26.083485,26.241827,26.726463,25.306982,26.645037,26.295048,25.121716,26.424427,27.954422,26.565279,22.656834,23.165358,23.73654,25.694874,26.111431
22.916218,25.969355,26.118845,26.60016,25.202715,26.529057,26.14692,24.975212,26.266663,27.762062,26.448027,22.567163,23.063858,23.632235,25.57279,25.967314
23.015787,26.218668,26.37869,26.872486,25.425617,26.772854,26.462648,25.284393,26.616602,28.173847,26.692995,22.752157,23.28383,23.84923,25.833153,26.270864
22.588558,25.267368,25.39613,25.807867,24.528168,25.77608,25.262781,24.043736,25.26033,26.554083,25.684093,22.022907,22.4388,22.960365,24.789951,25.050373
22.015034,23.99218,24.068426,24.383764,23.298077,24.400415,23.69099,22.350391,23.467512,24.38027,24.310862,21.057735,21.322447,21.742647,23.382948,23.395226
21.98459,24.025661,24.118559,24.414759,23.326624,24.446022,23.724512,22.403597,23.508238,24.452433,24.33181,21.054409,21.34529,21.775692,23.407227,23.43878
22.015768,24.022831,24.139587,24.424053,23.329731,24.434862,23.78241,22.391361,23.514545,24.456253,24.33726,21.09128,21.363026,21.756823,23.42321,23.444868
21.848246,23.75632,23.832787,24.110945,23.06273,24.148806,23.388817,22.03511,23.135458,23.989025,24.030642,20.837807,21.109558,21.507732,23.103039,23.079453
21.348001,22.806358,22.857958,23.044994,22.130041,23.12241,22.233194,20.78909,21.820332,22.411234,22.978565,20.087648,20.277285,20.596012,22.04229,21.852411
21.265924,22.573994,22.596193,22.789303,21.907955,22.869814,21.943205,20.494032,21.51024,22.020208,22.746815,19.930292,20.072006,20.382996,21.803213,21.558622
21.23642,22.517103,22.543789,22.727234,21.858112,22.815058,21.88127,20.419647,21.432755,21.929354,22.691732,19.887676,20.024618,20.326227,21.745392,21.486845
21.187752,22.438004,22.459143,22.636326,21.776226,22.727024,21.78177,20.318558,21.32618,21.799871,22.599384,19.822706,19.953861,20.25226,21.654024,21.385012
21.071367,22.204128,22.231417,22.384544,21.55928,22.49419,21.518202,20.026705,21.008762,21.436485,22.359741,19.647131,19.757357,20.039999,21.407286,21.10335
20.69721,21.512203,21.549599,21.614578,20.892117,21.757963,20.719309,19.137817,20.063368,20.322561,21.60829,19.115845,19.155893,19.367102,20.659027,20.226841
20.271732,20.853964,20.887508,20.870121,20.220339,21.042484,19.944836,18.311682,19.183113,19.290579,20.842524,18.577766,18.580276,18.749285,19.910374,19.403463
